"venue","article_count","share_percent"
"Zenodo (CERN European Organization for Nuclear Research)","35","3.79"
"Journal of Cheminformatics","25","2.71"
"Molecular Informatics","10","1.08"
"SSRN Electronic Journal","10","1.08"
"Journal of Chemical Information and Modeling","9","0.98"
"Methods in molecular biology","9","0.98"
"Figshare","8","0.87"
"El Servicio de Difusión de la Creación Intelectual (National University of La Plata)","8","0.87"
"Procedia Computer Science","7","0.76"
"PubMed","7","0.76"
"BMC Bioinformatics","6","0.65"
"Bioinformatics","6","0.65"
"Toxicology Letters","6","0.65"
"Front Matter","6","0.65"
"Studies in health technology and informatics","6","0.65"
"INFM-OAR (INFN Catania)","6","0.65"
"Journal of Computer-Aided Molecular Design","5","0.54"
"KOPS (University of Konstanz)","5","0.54"
"SLAS DISCOVERY","5","0.54"
"Faculty of 1000 Research Ltd","5","0.54"
"Indonesian Journal of Cancer Chemoprevention","5","0.54"
"Journal of Proteome Research","4","0.43"
"King Abdullah University of Science and Technology Repository (King Abdullah University of Science and Technology)","4","0.43"
"Toxicology in Vitro","4","0.43"
"University of Vienna","4","0.43"
"AIP conference proceedings","4","0.43"
"Cancer Research","4","0.43"
"International Journal of Engineering & Technology","3","0.33"
"International Journal of Innovative Technology and Exploring Engineering","3","0.33"
"TENCON 2024 - 2024 IEEE Region 10 Conference (TENCON)","3","0.33"
"International Journal for Research in Applied Science and Engineering Technology","3","0.33"
"Sustainability","3","0.33"
"Journal of Biomolecular Structure and Dynamics","3","0.33"
"DOAJ (DOAJ: Directory of Open Access Journals)","3","0.33"
"ТЕНДЕНЦИИ РАЗВИТИЯ НАУКИ И ОБРАЗОВАНИЯ","3","0.33"
"Blood","3","0.33"
"ALTEX","3","0.33"
"MALCOM Indonesian Journal of Machine Learning and Computer Science","3","0.33"
"DergiPark (Istanbul University)","3","0.33"
"bioRxiv (Cold Spring Harbor Laboratory)","3","0.33"
"Proceedings of MOL2NET 2019, International Conference on Multidisciplinary Sciences, 5th edition","3","0.33"
"Proceedings of MOL2NET 2018, International Conference on Multidisciplinary Sciences, 4th edition","3","0.33"
"2014 37th International Convention on Information and Communication Technology, Electronics and Microelectronics (MIPRO)","2","0.22"
"Current Medicinal Chemistry","2","0.22"
"International Journal of Artificial Intelligence & Applications","2","0.22"
"Current Topics in Medicinal Chemistry","2","0.22"
"ADMET & DMPK","2","0.22"
"Database","2","0.22"
"Environmental Modelling & Software","2","0.22"
"International Journal of Molecular Sciences","2","0.22"
"PROTEOMICS","2","0.22"
"MethodsX","2","0.22"
"Healthcare Informatics Research","2","0.22"
"Molecules","2","0.22"
"World Journal on Educational Technology Current Issues","2","0.22"
"2021 International Conference on Data Analytics for Business and Industry (ICDABI)","2","0.22"
"Computational Toxicology","2","0.22"
"2025 17th International Conference on Knowledge and Smart Technology (KST)","2","0.22"
"Journal of Computational Chemistry","2","0.22"
"Journal of Pharmaceutical Research International","2","0.22"
"Frontiers in Neuroinformatics","2","0.22"
"F1000Research","2","0.22"
"International Journal of Advanced Computer Science and Applications","2","0.22"
"Heliyon","2","0.22"
"Health and Technology","2","0.22"
"Indonesian Journal of Electrical Engineering and Computer Science","2","0.22"
"Multimedia Tools and Applications","2","0.22"
"Frontiers in Environmental Science","2","0.22"
"HAL (Le Centre pour la Communication Scientifique Directe)","2","0.22"
"5th International Students Science Congress","2","0.22"
"PLoS ONE","2","0.22"
"Information","2","0.22"
"Computer Methods and Programs in Biomedicine","2","0.22"
"Brno University of Technology Digital Library (Brno University of Technology)","2","0.22"
"Chemosphere","2","0.22"
"Toxicology","2","0.22"
"Journal of Digital Business and Technology Innovation","2","0.22"
"ChemRxiv","2","0.22"
"Proceeding Book of 2nd International Conference on Recent Academic Studies ICRAS 2023","2","0.22"
"Proceedings of the 13th International Conference on Education Technology and Computers","2","0.22"
"2020 11th Conference of the European Study Group on Cardiovascular Oscillations (ESGCO)","2","0.22"
"Internet of Things and Artificial Intelligence Journal","2","0.22"
"IEEE Conference Proceedings","2","0.22"
"Combinatorial Chemistry & High Throughput Screening","2","0.22"
"2018 Electric Electronics, Computer Science, Biomedical Engineerings' Meeting (EBBT)","2","0.22"
"Data in Brief","2","0.22"
"Konuralp Tıp Dergisi","2","0.22"
"Frontiers in Pharmacology","2","0.22"
"Analytical Chemistry","2","0.22"
"Applied In Vitro Toxicology","2","0.22"
"European Journal of Science and Technology","2","0.22"
"Research Ideas and Outcomes","2","0.22"
"İstanbul Ticaret Üniversitesi Teknoloji ve Uygulamalı Bilimler Dergisi","2","0.22"
"RSC Medicinal Chemistry","2","0.22"
"Journal of the Brazilian Chemical Society","2","0.22"
"Journal of Molecular Graphics and Modelling","2","0.22"
"2023 International Conference on Computer Science, Information Technology and Engineering (ICCoSITE)","2","0.22"
"BRAIN BROAD RESEARCH IN ARTIFICIAL INTELLIGENCE AND NEUROSCIENCE","2","0.22"
"2015 8th International Conference on Ubi-Media Computing (UMEDIA)","2","0.22"
"LATAM Revista Latinoamericana de Ciencias Sociales y Humanidades","2","0.22"
"CyberLeninK (CyberLeninka)","2","0.22"
"ARPHA Conference Abstracts","2","0.22"
"Sovremennaya nauka i innovatsii","2","0.22"
"Ubaya Repository (University of Surabaya)","2","0.22"
"Theseus (Ammattikorkeakoulujen)","2","0.22"
"Journal of Environmental Science and Management","2","0.22"
"Mühendis ve Makina","2","0.22"
"Open MIND","2","0.22"
"Clinical Cancer Research","2","0.22"
"Hematology Transfusion and Cell Therapy","2","0.22"
"Brachytherapy","2","0.22"
"ACM SIGKDD Explorations Newsletter","1","0.11"
"CentAUR (University of Reading)","1","0.11"
"Advances in anatomy, embryology and cell biology","1","0.11"
"Chemometrics and Intelligent Laboratory Systems","1","0.11"
"Frontiers in Computer Science","1","0.11"
"2016 Symposium on Colossal Data Analysis and Networking (CDAN)","1","0.11"
"Journal of Business Research","1","0.11"
"Software Practice and Experience","1","0.11"
"Analytica Chimica Acta","1","0.11"
"Genetic Programming and Evolvable Machines","1","0.11"
"IEEE Geoscience and Remote Sensing Magazine","1","0.11"
"Proceedings of the 2011 workshop on Predictive markup language modeling","1","0.11"
"2018 International Conference on Computing, Power and Communication Technologies (GUCON)","1","0.11"
"Neurotoxicology and Teratology","1","0.11"
"International Journal of Computational Intelligence Systems","1","0.11"
"International Journal of Information and Education Technology","1","0.11"
"SoftwareX","1","0.11"
"RSC Advances","1","0.11"
"International Journal of Network Security & Its Applications","1","0.11"
"Artificial Intelligence Chemistry","1","0.11"
"2017 Third International Conference on Sensing, Signal Processing and Security (ICSSS)","1","0.11"
"International Journal of Computer Science and Engineering","1","0.11"
"Protein Science","1","0.11"
"International Journal of Applied Earth Observation and Geoinformation","1","0.11"
"Fraunhofer-Publica (Fraunhofer-Gesellschaft)","1","0.11"
"Engineering Technology & Applied Science Research","1","0.11"
"MPG.PuRe (Max Planck Society)","1","0.11"
"2012 IEEE 12th International Conference on Data Mining Workshops","1","0.11"
"Bioinformatics Advances","1","0.11"
"Cartography and Geographic Information Science","1","0.11"
"2014 IEEE World Forum on Internet of Things (WF-IoT)","1","0.11"
"2023 14th International Conference on Information, Intelligence, Systems &amp; Applications (IISA)","1","0.11"
"Chemical Biology & Drug Design","1","0.11"
"2017 IEEE International Conference on Fuzzy Systems (FUZZ-IEEE)","1","0.11"
"IOP Conference Series Materials Science and Engineering","1","0.11"
"Bioorganic & Medicinal Chemistry Letters","1","0.11"
"Proceedings of the 52nd ACM Technical Symposium on Computer Science Education","1","0.11"
"Education for Information","1","0.11"
"BMC Microbiology","1","0.11"
"2021 5th International Conference on Artificial Intelligence and Virtual Reality (AIVR)","1","0.11"
"The Journal of the Institute of Webcasting, Internet and Telecommunication","1","0.11"
"IERI Procedia","1","0.11"
"Techno Com","1","0.11"
"Journal of the Indian Chemical Society","1","0.11"
"International Journal of Advanced Research in Science Communication and Technology","1","0.11"
"Nature Methods","1","0.11"
"2019 International Conference on Wireless and Mobile Computing, Networking and Communications (WiMob)","1","0.11"
"European Journal of Mass Spectrometry","1","0.11"
"Progress in Drug Discovery & Biomedical Science","1","0.11"
"Loughborough University Institutional Repository (Loughborough University)","1","0.11"
"2017 International Conference On Smart Technologies For Smart Nation (SmartTechCon)","1","0.11"
"Ideguru Jurnal Karya Ilmiah Guru","1","0.11"
"Viruses","1","0.11"
"Europe PMC (PubMed Central)","1","0.11"
"Pharmaceuticals","1","0.11"
"GI-Jahrestagung","1","0.11"
"Systems","1","0.11"
"Journal of Pharmacy & Pharmaceutical Sciences","1","0.11"
"Wiley Interdisciplinary Reviews Computational Molecular Science","1","0.11"
"Xenobiotica","1","0.11"
"Ciencias de la información","1","0.11"
"Journal of Geographical Systems","1","0.11"
"EDPACS","1","0.11"
"Enterprise Information Systems","1","0.11"
"2023 46th MIPRO ICT and Electronics Convention (MIPRO)","1","0.11"
"PUB – Publications at Bielefeld University (Bielefeld University)","1","0.11"
"J Statistika Jurnal Ilmiah Teori dan Aplikasi Statistika","1","0.11"
"International Journal of Applied Pharmaceutics","1","0.11"
"Radio Electronics Computer Science Control","1","0.11"
"Ekalaya Jurnal Pengabdian Kepada Masyarakat Indonesia","1","0.11"
"Journal of King Saud University - Computer and Information Sciences","1","0.11"
"SAR and QSAR in environmental research","1","0.11"
"SciWaveBulletin","1","0.11"
"Health Informatics Journal","1","0.11"
"Education and Information Technologies","1","0.11"
"Journal of Quality Assurance in Hospitality & Tourism","1","0.11"
"Environmental Science and Pollution Research","1","0.11"
"Pharmaceutics","1","0.11"
"Encyclopedia","1","0.11"
"Journal of Proteomics","1","0.11"
"http://www.ecmlpkdd2013.org/wp-content/uploads/2013/07/647.pdf","1","0.11"
"2014 IEEE 26th International Conference on Tools with Artificial Intelligence","1","0.11"
"JURNAL TEKNIK INDUSTRI","1","0.11"
"Journal Of Big Data","1","0.11"
"Frontiers in Chemistry","1","0.11"
"Metabolomics","1","0.11"
"ACS Sustainable Chemistry & Engineering","1","0.11"
"Proceedings of the International C* Conference on Computer Science and Software Engineering","1","0.11"
"Journal of Student Science and Technology","1","0.11"
"Biopolymers and Cell","1","0.11"
"World of transport and technological machines","1","0.11"
"International journal of advance research, ideas and innovations in technology","1","0.11"
"2024 IEEE 21st India Council International Conference (INDICON)","1","0.11"
"Platelets","1","0.11"
"Chemical Research in Toxicology","1","0.11"
"International Journal of Engineering Research and","1","0.11"
"Tourism and Hospitality Research","1","0.11"
"2018 AEIT International Annual Conference","1","0.11"
"RePEc: Research Papers in Economics","1","0.11"
"한국인터넷방송통신학회 논문지","1","0.11"
"Future Medicinal Chemistry","1","0.11"
"South African Journal of Higher Education","1","0.11"
"International Journal of Industrial Engineering","1","0.11"
"OSF Preprints (OSF Preprints)","1","0.11"
"Weixingji yu Yingyong","1","0.11"
"Gunadarma University Repository (Gunadarma University)","1","0.11"
"Recent Patents on Computer Science","1","0.11"
"Journal of Information Systems Education","1","0.11"
"Doklady of the National Academy of Sciences of Belarus","1","0.11"
"ISU Red - Research and eData (Illinois State University)","1","0.11"
"Bioengineering","1","0.11"
"Journal of Advanced Database Management & Systems","1","0.11"
"2024 8th International Conference on Information Technology (InCIT)","1","0.11"
"Scientific Data","1","0.11"
"Scientific Reports","1","0.11"
"International Journal of Online and Biomedical Engineering (iJOE)","1","0.11"
"AMIA","1","0.11"
"CHIMIA International Journal for Chemistry","1","0.11"
"Diagnostics","1","0.11"
"PADMA","1","0.11"
"médecine/sciences","1","0.11"
"Cellular Microbiology","1","0.11"
"ChemMedChem","1","0.11"
"2018 6th International Symposium on Digital Forensic and Security (ISDFS)","1","0.11"
"Human Reproduction","1","0.11"
"Discourse","1","0.11"
"COMPUTER-INTEGRATED TECHNOLOGIES EDUCATION SCIENCE PRODUCTION","1","0.11"
"Computer Science and Information Technology","1","0.11"
"Applied Computing and Geosciences","1","0.11"
"Discover Internet of Things","1","0.11"
"Sensors","1","0.11"
"TENCON 2025 - 2025 IEEE Region 10 Conference (TENCON)","1","0.11"
"Microbial Risk Analysis","1","0.11"
"2019 Second International Conference on Advanced Computational and Communication Paradigms (ICACCP)","1","0.11"
"Asia-Pacific social science review","1","0.11"
"2017 IEEE World Engineering Education Conference (EDUNINE)","1","0.11"
"Expert Systems with Applications","1","0.11"
"Journal of Enzyme Inhibition and Medicinal Chemistry","1","0.11"
"Annals of GIS","1","0.11"
"OpenAgrar","1","0.11"
"Regulatory Toxicology and Pharmacology","1","0.11"
"2017 IEEE 31st International Conference on Advanced Information Networking and Applications (AINA)","1","0.11"
"The Electronic Library","1","0.11"
"The Journal of Academic Librarianship","1","0.11"
"MedChemComm","1","0.11"
"Journal of Sensors","1","0.11"
"Water","1","0.11"
"Environmental Toxicology and Chemistry","1","0.11"
"International Journal of Power Electronics and Drive Systems (IJPEDS)","1","0.11"
"2020 IEEE 20th International Conference on Bioinformatics and Bioengineering (BIBE)","1","0.11"
"Proceedings of the 1st International Conference on Sustainable Management and Innovation, ICoSMI 2020, 14-16 September 2020, Bogor, West Java, Indonesia","1","0.11"
"Chinese Journal of Chemistry","1","0.11"
"Molecular Pharmaceutics","1","0.11"
"2019 ACM/IEEE 22nd International Conference on Model Driven Engineering Languages and Systems (MODELS)","1","0.11"
"International Journal of Open Source Software and Processes","1","0.11"
"Energies","1","0.11"
"Journal of Biological Chemistry","1","0.11"
"Microscopy and Microanalysis","1","0.11"
"International Journal of Interactive Mobile Technologies (iJIM)","1","0.11"
"2022 Fifth International Conference on Computational Intelligence and Communication Technologies (CCICT)","1","0.11"
"Foundations of Computing and Decision Sciences","1","0.11"
"Abant Sosyal Bilimler Dergisi","1","0.11"
"Frontiers in Earth Science","1","0.11"
"Computer Applications in Engineering Education","1","0.11"
"Pancreatology","1","0.11"
"Aslib Journal of Information Management","1","0.11"
"Infection Genetics and Evolution","1","0.11"
"IEEE Transactions on Neural Systems and Rehabilitation Engineering","1","0.11"
"IEEE Access","1","0.11"
"Journal of Telecommunication Electronic and Computer Engineering (JTEC)","1","0.11"
"Neurospine","1","0.11"
"European Conference on Research Methodology for Business and Management Studies","1","0.11"
"Jurnal Ekonomi dan Pembangunan","1","0.11"
"2015 2nd International Conference on Information and Communication Technologies for Disaster Management (ICT-DM)","1","0.11"
"Transportation Research Interdisciplinary Perspectives","1","0.11"
"Gastro Hep Advances","1","0.11"
"2023 10th International Conference on Wireless Networks and Mobile Communications (WINCOM)","1","0.11"
"Agronomy","1","0.11"
"Civil Engineering Journal","1","0.11"
"Babylonian Journal of Artificial Intelligence","1","0.11"
"2012 IEEE/ACIS 11th International Conference on Computer and Information Science","1","0.11"
"Applied Sciences","1","0.11"
"Datenbank-Spektrum","1","0.11"
"Computers","1","0.11"
"Asian Spine Journal","1","0.11"
"INRIA a CCSD electronic archive server","1","0.11"
"Electronics","1","0.11"
"Computational Urban Science","1","0.11"
"MODSIM","1","0.11"
"Knowledge","1","0.11"
"Proceedings of International Exchange and Innovation Conference on Engineering & Sciences (IEICES)","1","0.11"
"2021 11th International Conference on Biomedical Engineering and Technology","1","0.11"
"Journal of Computer and Education Research","1","0.11"
"Süleyman Demirel Üniversitesi Fen Bilimleri Enstitüsü Dergisi","1","0.11"
"American Journal of Pharmaceutical Education","1","0.11"
"Hogräfer, M & Schulz, H-J 2019, ReVize: A Library for Visualization Toolchaining with Vega-Lite. in Italian Chapter Conference 2019 - Smart Tools and Apps in computer Graphics, STAG 2019. Eurographics Association, pp. 129-139, International Conference on Smart Tools and Applications in Graphics, Cagliari, Italy, 14/11/2019. https://doi.org/10.2312/stag.20191375","1","0.11"
"ACS Medicinal Chemistry Letters","1","0.11"
"2020 International Conference on Emerging Trends in Information Technology and Engineering (ic-ETITE)","1","0.11"
"BMC Veterinary Research","1","0.11"
"Uluslararası Yönetim Bilişim Sistemleri ve Bilgisayar Bilimleri Dergisi","1","0.11"
"PLOS Digital Health","1","0.11"
"Frontiers in Microbiology","1","0.11"
"Computación y Sistemas","1","0.11"
"Experimental Thermal and Fluid Science","1","0.11"
"Management of the personnel and intellectual resources in Russia","1","0.11"
"Journal of Service Research","1","0.11"
"Applied Artificial Intelligence","1","0.11"
"JMIR Public Health and Surveillance","1","0.11"
"2023 IEEE Conference on Computer Applications (ICCA)","1","0.11"
"Journal of Experimental & Theoretical Artificial Intelligence","1","0.11"
"2019 Scientific Meeting on Electrical-Electronics &amp; Biomedical Engineering and Computer Science (EBBT)","1","0.11"
"2024 IEEE 25th International Conference of Young Professionals in Electron Devices and Materials (EDM)","1","0.11"
"2023 IEEE XVI International Scientific and Technical Conference Actual Problems of Electronic Instrument Engineering (APEIE)","1","0.11"
"2024 ASU International Conference in Emerging Technologies for Sustainability and Intelligent Systems (ICETSIS)","1","0.11"
"Research Journal of Applied Sciences Engineering and Technology","1","0.11"
"International Journal of Engineering Applied Sciences and Technology","1","0.11"
"Wiley Interdisciplinary Reviews Data Mining and Knowledge Discovery","1","0.11"
"Malaysian Journal of Computer Science","1","0.11"
"2023 11th International Conference on Internet of Everything, Microwave Engineering, Communication and Networks (IEMECON)","1","0.11"
"Proceedings of the International Conference &amp; Workshop on Emerging Trends in Technology","1","0.11"
"World Electric Vehicle Journal","1","0.11"
"BJPsych Open","1","0.11"
"International Journal of Business & Economics (IJBE)","1","0.11"
"Middle East Journal of Science","1","0.11"
"Information & Media","1","0.11"
"2019 International Conference on Military Communications and Information Systems (ICMCIS)","1","0.11"
"Informatics in Medicine Unlocked","1","0.11"
"Journal of Taibah University Arts and Humanities","1","0.11"
"Odessa Astronomical Publications","1","0.11"
"Tarım Bilimleri Dergisi","1","0.11"
"BMC Chemistry","1","0.11"
"2024 IEEE 22nd Student Conference on Research and Development (SCOReD)","1","0.11"
"Вестник Пермского университета Российская и зарубежная филология","1","0.11"
"2020 6th IEEE International Energy Conference (ENERGYCon)","1","0.11"
"Information Sciences","1","0.11"
"2012 IEEE Conference on Visual Analytics Science and Technology (VAST)","1","0.11"
"2018 IEEE International Conference on Big Data (Big Data)","1","0.11"
"Scientometrics","1","0.11"
"International Journal of Digital Curation","1","0.11"
"Journal of Urban Management","1","0.11"
"INNOSC Theranostics and Pharmacological Sciences","1","0.11"
"European Journal of Educational Management","1","0.11"
"International Journal of Engineering","1","0.11"
"Biomedical Signal Processing and Control","1","0.11"
"Frontiers in Bioinformatics","1","0.11"
"Applied Clinical Informatics","1","0.11"
"Journal of Molecular Structure","1","0.11"
"Journal of Biomedical Informatics","1","0.11"
"Gazi Üniversitesi Fen Bilimleri Dergisi Part C Tasarım ve Teknoloji","1","0.11"
"Interfaces Científicas - Exatas e Tecnológicas","1","0.11"
"DARU Journal of Pharmaceutical Sciences","1","0.11"
"Proceedings of the 5th International Conference on Data Management Technologies and Applications","1","0.11"
"Yönetim Bilişim Sistemleri Dergisi","1","0.11"
"2022 1st International Conference on Smart Technology, Applied Informatics, and Engineering (APICS)","1","0.11"
"JIKO (Jurnal Informatika dan Komputer)","1","0.11"
"Translational Medicine","1","0.11"
"Journal of Computational Social Science","1","0.11"
"Data Science Journal of Computing and Applied Informatics","1","0.11"
"Gesellschaft für Informatik (GI)","1","0.11"
"IFAC-PapersOnLine","1","0.11"
"2021 International Symposium on Biomedical Engineering and Computational Biology","1","0.11"
"Frontiers of Urban and Rural Planning","1","0.11"
"Journal of Advanced Research in Applied Sciences and Engineering Technology","1","0.11"
"FLORESTA","1","0.11"
"Online Journal of Communication and Media Technologies","1","0.11"
"Proceedings of the 2021 ACM Workshop on Intelligent Cross-Data Analysis and Retrieval","1","0.11"
"Journal of Medical Systems","1","0.11"
"IET conference proceedings.","1","0.11"
"International Journal of Advanced Research in Computer Science","1","0.11"
"Электросвязь","1","0.11"
"Düzce Üniversitesi Bilim ve Teknoloji Dergisi","1","0.11"
"International Journal of Innovative Research in Science Engineering and Technology","1","0.11"
"Machines","1","0.11"
"Journal of Applied Intelligent System","1","0.11"
"Innovación y software","1","0.11"
"International Journal of Pharmaceutics","1","0.11"
"International Journal on Smart Sensing and Intelligent Systems","1","0.11"
"Journal of Drug Research in Ayurvedic Sciences","1","0.11"
"2023 11th International Conference on Information and Education Technology (ICIET)","1","0.11"
"Jurnal Manajemen Sains dan Organisasi","1","0.11"
"Turkish Journal of Psychiatry","1","0.11"
"Jurnal Pilar Nusa Mandiri","1","0.11"
"Computers in Biology and Medicine","1","0.11"
"Communications in Statistics Case Studies Data Analysis and Applications","1","0.11"
"Selcuk Journal of Agricultural and Food Sciences","1","0.11"
"Orclever Proceedings of Research and Development","1","0.11"
"2022 Interdisciplinary Research in Technology and Management (IRTM)","1","0.11"
"BMC Cancer","1","0.11"
"Journal of Bioresource Management","1","0.11"
"Turkish Studies - Information Technologies and Applied Sciences","1","0.11"
"2022 IEEE International Conference on Metrology for Extended Reality, Artificial Intelligence and Neural Engineering (MetroXRAINE)","1","0.11"
"IJITECH Indonesian Journal of Information Technology","1","0.11"
"Thammasat International Journal of Science and Technology","1","0.11"
"2024 9th International Conference on Computer Science and Engineering (UBMK)","1","0.11"
"Huskie Commons (Northern Illinois University)","1","0.11"
"Tecnologí­a Química","1","0.11"
"Aibi revista de investigación administración e ingeniería","1","0.11"
"2024 IEEE Symposium on Visual Languages and Human-Centric Computing (VL/HCC)","1","0.11"
"EFSA Supporting Publications","1","0.11"
"Süleyman Demirel Üniversitesi Vizyoner Dergisi","1","0.11"
"Canadian Journal of Electrical and Computer Engineering","1","0.11"
"Molecular Omics","1","0.11"
"EKONOMIKA I UPRAVLENIE PROBLEMY RESHENIYA","1","0.11"
"Nucleic Acids Research","1","0.11"
"Applied Water Science","1","0.11"
"Problems of Information Society","1","0.11"
"2021 2nd International Conference on ICT for Rural Development (IC-ICTRuDev)","1","0.11"
"International Journal of Business Intelligence and Data Mining","1","0.11"
"Journal of Information and Knowledge","1","0.11"
"Jurnal RESTI (Rekayasa Sistem dan Teknologi Informasi)","1","0.11"
"Indian Journal of Public Health Research & Development","1","0.11"
"Revista Colombiana de Psiquiatría","1","0.11"
"2018 26th Signal Processing and Communications Applications Conference (SIU)","1","0.11"
"Health Science Reports","1","0.11"
"Kocaeli Journal of Science and Engineering","1","0.11"
"35th International Conference on Scientific and Statistical Database Management","1","0.11"
"SN Computer Science","1","0.11"
"مجلة أبحاث الذكاء","1","0.11"
"Journal of organic and pharmaceutical chemistry","1","0.11"
"Canadian Journal of Soil Science","1","0.11"
"Molecular & Cellular Proteomics","1","0.11"
"2017 Electric Electronics, Computer Science, Biomedical Engineerings' Meeting (EBBT)","1","0.11"
"Journal of Hunan University Natural Sciences","1","0.11"
"MEDİAJ","1","0.11"
"Educación y Humanismo","1","0.11"
"GIScience & Remote Sensing","1","0.11"
"Journal of Agricultural Informatics","1","0.11"
"BIO-PROTOCOL","1","0.11"
"Lámpsakos","1","0.11"
"Text REtrieval Conference","1","0.11"
"2023 15th International Congress on Advanced Applied Informatics Winter (IIAI-AAI-Winter)","1","0.11"
"2021 9th International Conference on Information and Communication Technology (ICoICT)","1","0.11"
"Algorithms for Molecular Biology","1","0.11"
"Americanae (AECID Library)","1","0.11"
"Biophysical Chemistry","1","0.11"
"Records of Agricultural and Food Chemistry","1","0.11"
"International Journal of Engineering Pedagogy (iJEP)","1","0.11"
"2022 International Conference on Data Science and Its Applications (ICoDSA)","1","0.11"
"Quality & Quantity","1","0.11"
"International Journal of 3D Printing Technologies and Digital Industry","1","0.11"
"Bilgi Dünyası","1","0.11"
"OALib","1","0.11"
"Proceedings of the Second International Conference on Data Science, E-Learning and Information Systems","1","0.11"
"Jurnal Sains Komputer dan Teknologi Informasi","1","0.11"
"WSEAS TRANSACTIONS ON COMPUTERS","1","0.11"
"Administrative Consulting","1","0.11"
"Mordovia University Bulletin","1","0.11"
"IJITR International Journal of Innovative Technology and Research - IJITR International Journal of Innovative Technology and Research","1","0.11"
"ACS Omega","1","0.11"
"Lirias (KU Leuven)","1","0.11"
"Journal of Vascular and Interventional Radiology","1","0.11"
"RECIAMUC","1","0.11"
"Companion Proceedings of the ACM Web Conference 2023","1","0.11"
"Journal of Pharmaceutical Innovation","1","0.11"
"NASIG Proceedings","1","0.11"
"Ogarev-online","1","0.11"
"Data Archiving and Networked Services (DANS)","1","0.11"
"Proceedings of the AAAI Conference on Artificial Intelligence","1","0.11"
"H&ES Research","1","0.11"
"XIV Congreso Internacional de Información Info'2016","1","0.11"
"Scholarly and Creative Works from DePauw University (DePauw University)","1","0.11"
"Anais Estendidos do XX Simpósio Brasileiro de Games e Entretenimento Digital (SBGames Estendido 2021)","1","0.11"
"SinkrOn","1","0.11"
"ISAHP proceedings","1","0.11"
"HUMAN ENVIRONMENT TECHNOLOGIES Proceedings of the Students International Scientific and Practical Conference","1","0.11"
"Nachrichten aus der Chemie","1","0.11"
"Lietuvos matematikos rinkinys","1","0.11"
"Revista Publicando","1","0.11"
"Computer Knowledge and Technology","1","0.11"
"2020 International Conference on Information Science and Communications Technologies (ICISCT)","1","0.11"
"Journal of Intelligent System and Computation","1","0.11"
"The 6th International Congress of CiiEM&amp;mdash;Immediate and Future Challenges to Foster One Health","1","0.11"
"Congresso de Gestão, Negócios e Tecnologia da Informação – CONGENTI","1","0.11"
"Radio Engineering and Telecommunication System","1","0.11"
"2025 Tenth International Conference on Science Technology Engineering and Mathematics (ICONSTEM)","1","0.11"
"Chimica Techno Acta","1","0.11"
"2021 International Conference on Artificial Intelligence and Big Data Analytics","1","0.11"
"Jurnal Kesehatan Poltekkes Ternate","1","0.11"
"ASEP","1","0.11"
"Zbornik radova Fakulteta tehničkih nauka u Novom Sadu","1","0.11"
"2020 Fourth World Conference on Smart Trends in Systems, Security and Sustainability (WorldS4)","1","0.11"
"Currents in Pharmacy Teaching and Learning","1","0.11"
"Asian Pacific Journal of Cancer Prevention","1","0.11"
"International journal of research and scientific innovation","1","0.11"
"Doria (University of Helsinki)","1","0.11"
"Iraqi Journal for Computers and Informatics","1","0.11"
"Syntax Literate Jurnal Ilmiah Indonesia","1","0.11"
"Asian Pacific Journal of Tropical Disease","1","0.11"
"Gait & Posture","1","0.11"
"Dialnet (Universidad de la Rioja)","1","0.11"
"Journal of innovative technology convergence.","1","0.11"
"2015 International Conference on Computational Science and Computational Intelligence (CSCI)","1","0.11"
"Ceylon Journal of Science","1","0.11"
"Revista Brasileira de Cartografia","1","0.11"
"International Journal of Combinatorial Optimization Problems and Informatics.","1","0.11"
"Clinical Medicine & Research","1","0.11"
"Proceedings of The International Conference on Data Science and Official Statistics","1","0.11"
"Third International Conference on Electronic Information Engineering, Big Data, and Computer Technology (EIBDCT 2024)","1","0.11"
"International Journal of Internet Technology and Secured Transactions","1","0.11"
"University of West Attica","1","0.11"
"Current Protocols","1","0.11"
"UTPedia (Universiti Teknologi Petronas)","1","0.11"
"Proceedings of the Association for Information Science and Technology","1","0.11"
"HMD Praxis der Wirtschaftsinformatik","1","0.11"
"Management and Production Engineering Review","1","0.11"
"Minerva Digital Library (Universidad EAN)","1","0.11"
"SDMIMD Journal of Management","1","0.11"
"International Journal of Responsible Leadership and Ethical Decision-Making","1","0.11"
"«System analysis and applied information science»","1","0.11"
"2025 2nd International Conference on Artificial Intelligence and Knowledge Discovery in Concurrent Engineering (ICECONF)","1","0.11"
"Proceedings of the 33rd ACM International Conference on the Foundations of Software Engineering","1","0.11"
"Construction and Architecture","1","0.11"
"BUANA ILMU","1","0.11"
"2025 6th International Conference on Data Analytics for Business and Industry (ICDABI)","1","0.11"
"Modelirovanie, optimizaciâ i informacionnye tehnologii.","1","0.11"
"SLAS TECHNOLOGY","1","0.11"
"The European Proceedings of Social & Behavioural Sciences","1","0.11"
"2024 International Conference on Intelligent Computing and Next Generation Networks (ICNGN)","1","0.11"
"The Proceedings of Mechanical Engineering Congress Japan","1","0.11"
"Repository of the University of Ljubljana (University of Ljubljana)","1","0.11"
"Advances in Medical Sciences and Research","1","0.11"
"Journal of Business Administration","1","0.11"
"Profit Jurnal Manajemen Bisnis dan Akuntansi","1","0.11"
"Carolina Digital Repository (University of North Carolina at Chapel Hill)","1","0.11"
"South Asian Journal of Emergency Medicine","1","0.11"
"JOURNAL OF APPLIED BUSINESS ADMINISTRATION","1","0.11"
"СИСТЕМНЫЙ АНАЛИЗ И УПРАВЛЕНИЕ В БИОМЕДИЦИНСКИХ СИСТЕМАХ","1","0.11"
"Proceedings of MOL2NET'21, Conference on Molecular, Biomedical &amp; Computational Sciences and Engineering, 7th ed.","1","0.11"
"ERA","1","0.11"
"Australian Journal of Artificial Intelligence Review","1","0.11"
"Jurnal Pendidikan Ekonomi (JURKAMI)","1","0.11"
"Journal of Computing Research and Innovation","1","0.11"
"Small Science","1","0.11"
"International Journal of Advanced Science and Computer Applications","1","0.11"
"Osmaniye Korkut Ata Üniversitesi Fen Bilimleri Enstitüsü Dergisi","1","0.11"
"2021 7th International Conference on Engineering, Applied Sciences and Technology (ICEAST)","1","0.11"
"Revista Politécnica","1","0.11"
"Herald of the Ural State University of Railway Transport","1","0.11"
"P94 Why iLFT? Identifying requesting trends using large language processing of &gt;27,000 iLFT requests","1","0.11"
"Journal of Geodesy and Geomatics Engineering","1","0.11"
"Proceedings of The 1st International Electronic Conference on Metabolomics","1","0.11"
"Communications of the IIMA","1","0.11"
"IEEE Sensors Journal","1","0.11"
"Jurnal Teknologi Informasi dan Manajemen/Jurnal Teknologi Informasi","1","0.11"
"Research in Transportation Business & Management","1","0.11"
"ВЕСТНИК ВОРОНЕЖСКОГО ГОСУДАРСТВЕННОГО ТЕХНИЧЕСКОГО УНИВЕРСИТЕТА","1","0.11"
"Arşiv Dünyası","1","0.11"
"Repository Universitas Katolik Widya Mandira (Universitas Katolik Widya Mandala)","1","0.11"
"AUIQ technical engineering science.","1","0.11"
"Black Sea Journal of Engineering and Science","1","0.11"
"South American Development Society Journal","1","0.11"
"2024 IEEE International Conference on Engineering, Technology, and Innovation (ICE/ITMC)","1","0.11"
"Interdisciplinary Description of Complex Systems","1","0.11"
"2025 SICE Festival with Annual Conference (SICE FES)","1","0.11"
"International Conference on Cultural Informatics Communication & Media Studies","1","0.11"
"Çukurova University Institutional Repository","1","0.11"
"Alexandria Engineering Journal","1","0.11"
"Clinical Nutrition ESPEN","1","0.11"
"Daffodil International University journal of business and entrepreneurship.","1","0.11"
"2025 International Seminar on Intelligent Technology and Its Applications (ISITIA)","1","0.11"
"2024 8th International Conference on Biomedical Engineering and Applications (ICBEA)","1","0.11"
"Portuguese National Funding Agency for Science, Research and Technology (RCAAP Project by FCT)","1","0.11"
"Peer Review","1","0.11"
"Jonkoping University Library (Jönköping University)","1","0.11"
"Mathematics and computer science journal.","1","0.11"
"Antibiotics","1","0.11"
"Proceedings of the International Conference on Industrial Engineering and Operations Management","1","0.11"
"GEOGRAPHIES PLANNING AND TOURISM STUDIOS","1","0.11"
"KTH Publication Database DiVA (KTH Royal Institute of Technology)","1","0.11"
"2021 8th NAFOSTED Conference on Information and Computer Science (NICS)","1","0.11"
"Revista Colombiana de Psiquiatría (English ed )","1","0.11"
"Anwendungen und Konzepte der Wirtschaftsinformatik","1","0.11"
"Aspirantskiy Vestnik Povolzhiya","1","0.11"
"Proceedings of MOL2NET 2016, International Conference on Multidisciplinary Sciences, 2nd edition","1","0.11"
"Industrial laboratory Diagnostics of materials","1","0.11"
"Recent Trends in Civil Engineering and Built Environment","1","0.11"
"La Tunisie Médicale","1","0.11"
"Jurnal Teknik Informatika dan Sistem Informasi","1","0.11"
"Electronic Library of Peter the Great Polytechnic University","1","0.11"
"Educación Química","1","0.11"
"2026 28th International Conference on Advanced Communications Technology (ICACT)","1","0.11"
"Вестник РОНЦ им. Н. Н. Блохина РАМН","1","0.11"
"Revista Investigaciones y Aplicaciones Nucleares","1","0.11"
"Convergence Tech","1","0.11"
"3 SEKTÖR SOSYAL EKONOMİ DERGİSİ","1","0.11"
"Planta Medica","1","0.11"
"Journal of Food Process Engineering","1","0.11"
"reponame:Biblioteca Digital de Teses e Dissertações da UFPB","1","0.11"
"Journal of Wireless Mobile Networks Ubiquitous Computing and Dependable Applications","1","0.11"
"OpenMETU (Middle East Technical University)","1","0.11"
"GATR Journal of Management and Marketing Review","1","0.11"
"Conference on Innovation and Application of Science and Technology (CIASTECH)","1","0.11"
"Ciência da Informação","1","0.11"
"UNESP Institutional Repository (São Paulo State University)","1","0.11"
"International Journal of Radiation Oncology*Biology*Physics","1","0.11"
"İstanbul Ticaret Üniversitesi Sosyal Bilimler Dergisi","1","0.11"
"Computational Biology and Chemistry","1","0.11"
"Journal of Research in Pharmacy","1","0.11"
"Killkana Técnica","1","0.11"
"Gaziantep University Journal of Social Sciences","1","0.11"
"Multidisciplinary Reviews","1","0.11"
"Turkish Journal of Agriculture - Food Science and Technology","1","0.11"
"Tikrit Journal of Engineering Sciences","1","0.11"
"2024 IEEE International Conference on Bioinformatics and Biomedicine (BIBM)","1","0.11"
"Наукові записки Серія Проблеми природничо-математичної технологічної та професійної освіти","1","0.11"
"Международный форум по информации","1","0.11"
"In Silico Research in Biomedicine","1","0.11"
"Journal of Scientific Reports-A","1","0.11"
"Frontiers in Artificial Intelligence","1","0.11"
"INTERANTIONAL JOURNAL OF SCIENTIFIC RESEARCH IN ENGINEERING AND MANAGEMENT","1","0.11"
"Naukovi pratsi NDFI","1","0.11"
"AtoZ novas práticas em informação e conhecimento","1","0.11"
"Journal of Applied Accounting and Sustainable Finance","1","0.11"
"International Journal of Advances in Engineering and Pure Sciences","1","0.11"
"Voprosy kiberbezopasnosti","1","0.11"
"Problems of Biological Medical and Pharmaceutical Chemistry","1","0.11"
"Medical & pharmaceutical journal Pulse","1","0.11"
"Use Siena air (University of Siena)","1","0.11"
"ArODES (HES-SO (https://www.hes-so.ch/))","1","0.11"
"LA Referencia (Red Federada de Repositorios Institucionales de Publicaciones Científicas)","1","0.11"
"Goce Delchev University Repository (Goce Delčev University of Štip)","1","0.11"
"The American Journal of Gastroenterology","1","0.11"
"Journal of Information Systems Engineering & Management","1","0.11"
"Repositorio Digital Universidad ECCI","1","0.11"
"Anais do II Congresso Brasileiro de Parasitologia Humana On-line","1","0.11"
"Molecular Cancer Therapeutics","1","0.11"
"Electronic Poster Abstracts","1","0.11"
